no,kode,tgl,jam,nama_tr,jenis_tr,tipe_tr,alokasi_tr,nominal,officer,source
217,K0217,2025-01-16,11:11:03,SELANG BYPASS ERTIGA,KREDIT,CASH,BEBAN,45000,ADMIN2,PRABU MOTOR
218,K0218,2025-01-16,11:11:33,BALL JOINT FRONT-UPPER RH INNOVA,KREDIT,CASH,BEBAN,175000,ADMIN2,PRABU MOTOR
219,D0219,2025-01-16,14:38:41,"PEMBAYARAN SERVICE (DEBIT CARD) [WO-00139 ~ AB1130CF ~ 2501162144]",DEBET,BANK,-,1392000,ADMIN2,PEMBAYARAN SERVICE (DEBIT)
220,K0220,2025-01-16,14:58:01,AIR MINUM GALON - 1 GALON,KREDIT,CASH,BEBAN,12000,ADMIN2,EVITA GALON
223,K0221,2025-01-16,15:04:49,"PEMBAYARAN PO SPAREPART [PO-00030 ~ PO-00030/SPR/01/2025], Nota: PAYSPR/PO-00030/01/2025/0028",KREDIT,CASH,PEMBAYARAN PO,520000,ADMIN2,PEMBAYARAN PO SPAREPART
224,K0224,2025-01-16,17:31:10,IKLAN,KREDIT,CASH,BEBAN,100000,ADMIN,GOOGLE ADV
225,K0225,2025-01-16,17:31:39,IKLAN,KREDIT,CASH,BEBAN,360000,ADMIN,KALENDER
226,K0226,2025-01-17,09:02:08,"PEMBAYARAN PO SPAREPART [PO-00031 ~ PO-00031/SPR/01/2025], Nota: PAYSPR/PO-00031/01/2025/0029",KREDIT,CASH,PEMBAYARAN PO,772500,ADMIN2,PEMBAYARAN PO SPAREPART
227,K0227,2025-01-17,16:42:37,DWITCH STARTER ERTIGA,KREDIT,CASH,BEBAN,350000,ADMIN2,BB TECH
228,K0228,2025-01-17,16:43:13,PERTALITE 1 LITER,KREDIT,CASH,BEBAN,10000,ADMIN2,SPBU BANTUL
229,K0229,2025-01-17,16:43:33,PAKU BETON ,KREDIT,CASH,BEBAN,3000,ADMIN2,EKA JAYA
230,K0230,2025-01-17,16:43:59,TBA SILTIP 3PCS,KREDIT,CASH,BEBAN,9000,ADMIN2,EKO DADI
231,K0231,2025-01-18,20:05:24,KEBERSIHAN,KREDIT,CASH,BEBAN,75000,ADMIN,JASA KEBERSIHAN
232,K0232,2025-01-18,20:07:09,KARTU OLI,KREDIT,CASH,BEBAN,88000,ADMIN,PERCETAKAN
233,K0233,2025-01-18,20:30:09,REVIEW,KREDIT,CASH,BEBAN,72500,ADMIN,GOOGLE ADV
234,K0234,2025-01-20,08:51:46,"PEMBAYARAN PO SPAREPART [PO-00032 ~ PO-00032/SPR/01/2025], Nota: PAYSPR/PO-00032/01/2025/0030",KREDIT,CASH,PEMBAYARAN PO,613500,ADMIN2,PEMBAYARAN PO SPAREPART
235,K0235,2025-01-20,09:29:29,"PEMBAYARAN PO SPAREPART [PO-00033 ~ PO-00033/SPR/01/2025], Nota: PAYSPR/PO-00033/01/2025/0031",KREDIT,CASH,PEMBAYARAN PO,7526000,ADMIN2,PEMBAYARAN PO SPAREPART
241,K0241,2025-01-20,19:21:55,RENOVASI,KREDIT,CASH,BEBAN,397000,ADMIN,TOKO BESI
237,K0237,2025-01-20,13:08:39,TINTA PRINTER HITAM EPSON 003,KREDIT,CASH,BEBAN,95000,ADMIN2,CV MITRA NUSANTARA KOMP
238,D0238,2025-01-20,16:54:36,"TRANSFER PEMBAYARAN SERVICE [WO-00153 ~ B1811KIW ~ 2501202152]",DEBET,BANK,-,800000,ADMIN2,TRANSFER PEMBAYARAN SERVICE
239,K0239,2025-01-20,16:56:36,BRAKEPAD FRONT EVALIA,KREDIT,CASH,BEBAN,300000,ADMIN2,LAKSA BARU
240,K0240,2025-01-20,16:57:00,WHEEL CYLINDER RH EVALIA,KREDIT,CASH,BEBAN,150000,ADMIN2,PRABU MOTOR
242,K0242,2025-01-21,09:31:42,"PEMBAYARAN PO SPAREPART [PO-00034 ~ PO-00034/SPR/01/2025], Nota: PAYSPR/PO-00034/01/2025/0032",KREDIT,CASH,PEMBAYARAN PO,534500,ADMIN2,PEMBAYARAN PO SPAREPART
243,K0243,2025-01-21,13:52:16,"PEMBAYARAN PO SPAREPART [PO-00035 ~ PO-00035/SPR/01/2025], Nota: PAYSPR/PO-00035/01/2025/0033",KREDIT,CASH,PEMBAYARAN PO,206000,ADMIN2,PEMBAYARAN PO SPAREPART
244,D0244,2025-01-21,16:26:16,"PEMBAYARAN SERVICE (DEBIT CARD) [WO-00157 ~ AB1541AW ~ 2501212154]",DEBET,BANK,-,260000,ADMIN2,PEMBAYARAN SERVICE (DEBIT)
245,K0245,2025-01-21,16:31:44,PEMBAYARAN ONGKIR AEGIS ,KREDIT,CASH,BEBAN,50000,ADMIN2,HIRA EXPRESS
246,K0246,2025-01-21,17:45:22,PERTALITE 1L ANDI 17 JANUARI 2025,KREDIT,CASH,BEBAN,10000,ADMIN2,SPBU SULTAN AGUNG
247,K0247,2025-01-22,10:09:50,"PEMBAYARAN PO SPAREPART [PO-00036 ~ PO-00036/SPR/01/2025], Nota: PAYSPR/PO-00036/01/2025/0034",KREDIT,CASH,PEMBAYARAN PO,781385,ADMIN2,PEMBAYARAN PO SPAREPART
248,D0248,2025-01-22,10:15:28,"PEMBAYARAN SERVICE (DEBIT CARD) [WO-00159 ~ AB1375KI ~ 2411281408]",DEBET,BANK,-,476000,ADMIN2,PEMBAYARAN SERVICE (DEBIT)
249,K0249,2025-01-22,15:19:40,"PEMBAYARAN PO SPAREPART [PO-00037 ~ PO-00037/SPR/01/2025], Nota: PAYSPR/PO-00037/01/2025/0035",KREDIT,CASH,PEMBAYARAN PO,150800,ADMIN2,PEMBAYARAN PO SPAREPART
250,K0250,2025-01-22,15:31:09,SHOE A/S, PRKG BRK 1 46540-0K010,KREDIT,CASH,BEBAN,442800,ADMIN2,TAMA MOTOR
251,K0251,2025-01-22,15:31:27,SHOE A/S, PRKG BRK 2 46550-0K010,KREDIT,CASH,BEBAN,200700,ADMIN2,TAMA MOTOR
252,K0252,2025-01-22,15:31:50,SHOE A/S, PRKG BRK LH 46590-0K010,KREDIT,CASH,BEBAN,200700,ADMIN2,TAMA MOTOR
253,D0253,2025-01-22,16:12:36,"PEMBAYARAN SERVICE (DEBIT CARD) [WO-00161 ~ BG1869HH ~ 2501222157]",DEBET,BANK,-,1354000,ADMIN2,PEMBAYARAN SERVICE (DEBIT)
254,D0254,2025-01-23,16:32:06,"PEMBAYARAN SERVICE (DEBIT CARD) [WO-00166 ~ AB1592W ~ 2501232161]",DEBET,BANK,-,1163000,ADMIN2,PEMBAYARAN SERVICE (DEBIT)
255,K0255,2025-01-23,17:12:34,"PEMBAYARAN PO SPAREPART [PO-00038 ~ PO-00038/SPR/01/2025], Nota: PAYSPR/PO-00038/01/2025/0036",KREDIT,CASH,PEMBAYARAN PO,300000,ADMIN2,PEMBAYARAN PO SPAREPART
256,K0256,2025-01-23,17:14:22,RACK END TERIOS/RUSH & BOHLAM H1,KREDIT,CASH,BEBAN,275000,ADMIN2,PRABU MOTOR
257,K0257,2025-01-23,17:14:41,CV JOINT IN BRIO LH A/T,KREDIT,CASH,BEBAN,450000,ADMIN2,PRABU MOTOR
258,K0258,2025-01-23,17:15:08,VET BULGARI 175G ,KREDIT,CASH,BEBAN,35000,ADMIN2,KONDANG JAYA MOBIL
259,K0259,2025-01-23,17:15:46,DRAT BAUT OLI MESIN,KREDIT,CASH,BEBAN,150000,ADMIN2,BENGKEL ABADI
260,K0260,2025-01-23,17:20:09,BOOT CV JOINT IN BRIO A/T,KREDIT,CASH,BEBAN,100000,ADMIN2,SURYA MOTOR
261,K0261,2025-01-23,17:20:48,WD40 ,KREDIT,CASH,BEBAN,60000,ADMIN2,PETRA MOTOR
262,K0262,2025-01-23,17:21:03,KLEM & BOOT,KREDIT,CASH,BEBAN,135000,ADMIN2,PETRA MOTOR
263,K0263,2025-01-23,17:21:38,PERTALITE 1L ANDI,KREDIT,CASH,BEBAN,10000,ADMIN2,SPBU GODEAN
264,K0264,2025-01-23,17:42:46,AIR MINUM 2 GALON,KREDIT,CASH,BEBAN,24000,ADMIN2,EVITA GALON
265,K0265,2025-01-23,18:16:42,"PEMBAYARAN PO SPAREPART [PO-00039 ~ PO-00039/SPR/01/2025], Nota: PAYSPR/PO-00039/01/2025/0037",KREDIT,CASH,PEMBAYARAN PO,300000,ADMIN2,PEMBAYARAN PO SPAREPART
266,K0266,2025-01-24,11:00:16,"PEMBAYARAN PO SPAREPART [PO-00040 ~ PO-00040/SPR/01/2025], Nota: PAYSPR/PO-00040/01/2025/0038",KREDIT,CASH,PEMBAYARAN PO,895000,ADMIN2,PEMBAYARAN PO SPAREPART
267,K0267,2025-01-24,19:16:20,"PEMBAYARAN PO SPAREPART [PO-00041 ~ PO-00041/SPR/01/2025], Nota: PAYSPR/PO-00041/01/2025/0039",KREDIT,CASH,PEMBAYARAN PO,1044000,ADMIN2,PEMBAYARAN PO SPAREPART
268,K0268,2025-01-24,19:18:30,SUPER PEL, KOPI HITAM, GULA PASIR, TISU, MAMA LEMON,KREDIT,CASH,BEBAN,225000,ADMIN2,MK7 MANNA KAMPUS
269,K0269,2025-01-24,19:19:02,KOPLING SET, MOTOR FAN,KREDIT,CASH,BEBAN,1795000,ADMIN2,PETRA MOTOR
270,K0270,2025-01-24,19:19:25,HX-5, CENTER BEARING ,KREDIT,CASH,BEBAN,490000,ADMIN2,PETRA MOTOR
271,K0271,2025-01-24,19:20:04,SILICON RTV 5699 GREY LOCTITE,KREDIT,CASH,BEBAN,75800,ADMIN2,PASTECH
272,D0272,2025-01-25,14:33:10,"TRANSFER PEMBAYARAN SERVICE [WO-00170 ~ AB1381T ~ 2411280365]",DEBET,BANK,-,4812000,ADMIN2,TRANSFER PEMBAYARAN SERVICE
273,D0273,2025-01-25,15:32:11,"PEMBAYARAN SERVICE (DEBIT CARD) [WO-00171 ~ AB1550BM ~ 2501252164]",DEBET,BANK,-,708000,ADMIN2,PEMBAYARAN SERVICE (DEBIT)
274,D0274,2025-01-25,15:33:02,"DP SERVICE #WO-00172 (Tgl. 25-01-2025)",DEBET,CASH,-,100000,ADMIN2,DP SERVICE
275,D0275,2025-01-25,15:33:13,"TRANSFER PEMBAYARAN SERVICE [WO-00172 ~ AB1074MD ~ 2501252166]",DEBET,BANK,-,213000,ADMIN2,TRANSFER PEMBAYARAN SERVICE
276,D0276,2025-01-25,15:44:42,"PEMBAYARAN SERVICE (DEBIT CARD) [WO-00175 ~ AB1032H ~ 2501252168]",DEBET,BANK,-,1224000,ADMIN2,PEMBAYARAN SERVICE (DEBIT)
277,K0277,2025-01-25,15:49:04,"PEMBAYARAN PO SPAREPART [PO-00042 ~ PO-00042/SPR/01/2025], Nota: PAYSPR/PO-00042/01/2025/0040",KREDIT,CASH,PEMBAYARAN PO,3757600,ADMIN2,PEMBAYARAN PO SPAREPART
278,D0278,2025-01-25,16:19:09,"PEMBAYARAN SERVICE (DEBIT CARD) [WO-00176 ~ AD1177IQ ~ 2501142136]",DEBET,BANK,-,593000,ADMIN2,PEMBAYARAN SERVICE (DEBIT)
279,K0279,2025-01-25,16:21:02,FILTER UDARA & PACKING HEAD COVER,KREDIT,CASH,BEBAN,260000,ADMIN2,PRABU MOTOR
280,K0280,2025-01-25,16:21:22,JOINT WASHER WIPER,KREDIT,CASH,BEBAN,7000,ADMIN2,ANDI SULISTIANTO
281,K0281,2025-01-25,17:15:41,TIP DRIVER KIJANG & INNOVA,KREDIT,CASH,BEBAN,200000,ADMIN2,TIP DRIVER
282,K0282,2025-01-26,07:27:17,TUKANG PAK SUGENG,KREDIT,CASH,BEBAN,230000,ADMIN,RENOVASI
283,K0283,2025-01-26,07:44:25,STIKER CARBON CLEANER,KREDIT,CASH,KAS,102000,ADMIN,CASH
284,K0284,2025-01-27,14:19:48,"PEMBAYARAN PO SPAREPART [PO-00043 ~ PO-00043/SPR/01/2025], Nota: PAYSPR/PO-00043/01/2025/0041",KREDIT,CASH,PEMBAYARAN PO,370000,ADMIN2,PEMBAYARAN PO SPAREPART
285,K0285,2025-01-27,14:23:42,THERMOSTAT ASSY APV,KREDIT,CASH,BEBAN,200000,ADMIN2,SURYA MOTOR
287,D0286,2025-01-28,17:27:41,"TRANSFER PEMBAYARAN SERVICE [WO-00185 ~ AB8043UE ~ 2412232075]",DEBET,BANK,-,156000,ADMIN2,TRANSFER PEMBAYARAN SERVICE
288,D0288,2025-01-28,17:57:10,"TRANSFER PEMBAYARAN SERVICE [WO-00186 ~ B2708IF ~ 2501282175]",DEBET,BANK,-,1110000,ADMIN2,TRANSFER PEMBAYARAN SERVICE
289,K0289,2025-01-28,18:01:40,"PEMBAYARAN PO SPAREPART [PO-00044 ~ PO-00044/SPR/01/2025], Nota: PAYSPR/PO-00044/01/2025/0042",KREDIT,CASH,PEMBAYARAN PO,504000,ADMIN2,PEMBAYARAN PO SPAREPART
290,K0290,2025-01-28,18:07:47,OXYGEN SENSOR,KREDIT,CASH,BEBAN,678000,ADMIN2,SUMBER BARU ANEKA MOTOR
291,K0291,2025-01-28,18:08:14,MOTOR FAN AC JAZZ,KREDIT,CASH,BEBAN,550000,ADMIN2,PRABU MOTOR
292,K0292,2025-01-28,18:09:03,PERTAMAX 2L,KREDIT,CASH,BEBAN,25000,ADMIN2,SPBU 44.551.09 KUSUMANEGA
293,K0293,2025-01-28,18:09:46,CUTTER KENKO K-200,KREDIT,CASH,BEBAN,12000,ADMIN2,TUNAS BARU POTO COPY
294,K0294,2025-01-28,18:10:23,ONGKIR GST BOGOR - YOGYAKARTA,KREDIT,CASH,BEBAN,40000,ADMIN2,INDAH CARGO
295,K0295,2025-01-28,18:10:48,SILICON RTV 5699 GREY LOCTITE,KREDIT,CASH,BEBAN,76000,ADMIN2,PASTECH
296,K0296,2025-01-28,18:11:18,PERTALITE 1.5L ,KREDIT,CASH,BEBAN,15000,ADMIN2,SPBU SULTAN AGUNG
297,K0297,2025-01-29,13:25:47,SERVICE ALTENATOR ,KREDIT,CASH,BEBAN,375000,ADMIN2,BB TECH
298,K0298,2025-01-29,13:26:31,FILTER UDARA & AC EVALIA,KREDIT,CASH,BEBAN,185000,ADMIN2,NIA AUTOPARTS
299,K0299,2025-01-30,18:04:59,XL PASCA BAYAR,KREDIT,CASH,BEBAN,133500,ADMIN,HP XL
300,K0300,2025-01-30,18:06:01,KONTEN KREATOR,KREDIT,CASH,BEBAN,200000,ADMIN,INSTAGRAM
301,K0301,2025-01-31,12:44:56,GAJI KRYWN (Bln. 01/2025 - DAVA),KREDIT,CASH,BEBAN,2453447,ADMIN,GAJI_KRYWN
311,K0311,2025-02-01,15:55:35,"PEMBAYARAN PO SPAREPART [PO-00045 ~ PO-00045/SPR/02/2025], Nota: PAYSPR/PO-00045/02/2025/0045",KREDIT,CASH,PEMBAYARAN PO,6747600,ADMIN2,PEMBAYARAN PO SPAREPART
303,K0303,2025-01-31,13:11:09,"PEMBAYARAN PO SPAREPART [PO-00006 ~ PO-00006/SPR/12/2024], Nota: PAYSPR/PO-00006/01/2025/0043",KREDIT,CASH,PEMBAYARAN PO,2180864,admin,PEMBAYARAN PO SPAREPART
304,K0304,2025-01-31,13:11:45,"PEMBAYARAN PO SPAREPART [PO-00007 ~ PO-00007/SPR/12/2024], Nota: PAYSPR/PO-00007/01/2025/0044",KREDIT,CASH,PEMBAYARAN PO,179646,admin,PEMBAYARAN PO SPAREPART
305,K0305,2025-01-31,21:37:06,THR,KREDIT,CASH,BEBAN,926500,ADMIN,JANUARI
306,K0306,2025-01-31,21:38:25,GAJI KRYWN (Bln. 01/2025 - BAGAS WICAKSONO),KREDIT,CASH,BEBAN,1216500,ADMIN,GAJI_KRYWN
307,K0307,2025-01-31,21:39:41,GAJI KRYWN (Bln. 01/2025 - EGA),KREDIT,CASH,BEBAN,3001769,ADMIN,GAJI_KRYWN
308,K0308,2025-01-31,21:41:54,GAJI KRYWN (Bln. 01/2025 - ANDI),KREDIT,CASH,BEBAN,2986422,ADMIN,GAJI_KRYWN
309,K0309,2025-01-31,21:43:09,GAJI KRYWN (Bln. 01/2025 - DICKY),KREDIT,CASH,BEBAN,4133810,ADMIN,GAJI_KRYWN
310,K0310,2025-01-31,21:47:12,BIAYA RENOVASI BENGKEL,KREDIT,CASH,BEBAN,10000000,ADMIN,DEPRESIASI PENYUSUTAN
312,K0312,2025-02-01,16:00:39,"PEMBAYARAN PO SPAREPART [PO-00046 ~ PO-00046/SPR/02/2025], Nota: PAYSPR/PO-00046/02/2025/0046",KREDIT,CASH,PEMBAYARAN PO,300000,ADMIN2,PEMBAYARAN PO SPAREPART
313,K0313,2025-02-01,16:20:37,WHEEL CYLINDER AVANZA TRW,KREDIT,CASH,BEBAN,170000,ADMIN2,NIA AUTOPARTS
314,K0314,2025-02-01,16:21:07,AMPLAS KASAR 2 METER ,KREDIT,CASH,BEBAN,20000,ADMIN2,EKA JAYA
315,D0315,2025-02-03,14:30:16,"DP SERVICE #WO-00205 (Tgl. 03-02-2025)",DEBET,CASH,-,235000,ADMIN2,DP SERVICE
316,D0316,2025-02-03,16:05:20,"PEMBAYARAN SERVICE (DEBIT CARD) [WO-00210 ~ AB1526AB ~ 2502032187]",DEBET,BANK,-,641000,ADMIN2,PEMBAYARAN SERVICE (DEBIT)
317,D0317,2025-02-03,16:34:20,"TRANSFER PEMBAYARAN SERVICE [WO-00206 ~ B2616SFE ~ 2411280039]",DEBET,BANK,-,1808000,ADMIN2,TRANSFER PEMBAYARAN SERVICE
318,K0318,2025-02-04,13:20:19,"PEMBAYARAN PO SPAREPART [PO-00047 ~ PO-00047/SPR/02/2025], Nota: PAYSPR/PO-00047/02/2025/0047",KREDIT,CASH,PEMBAYARAN PO,528500,ADMIN2,PEMBAYARAN PO SPAREPART
319,D0319,2025-02-04,13:47:47,"PEMBAYARAN SERVICE (DEBIT CARD) [WO-00211 ~ AB1780EM ~ 2502042188]",DEBET,BANK,-,1001000,ADMIN2,PEMBAYARAN SERVICE (DEBIT)
320,K0320,2025-02-04,15:11:03,"PEMBAYARAN PO SPAREPART [PO-00048 ~ PO-00048/SPR/02/2025], Nota: PAYSPR/PO-00048/02/2025/0048",KREDIT,CASH,PEMBAYARAN PO,1621000,ADMIN2,PEMBAYARAN PO SPAREPART
321,K0321,2025-02-04,16:10:20,RADIATOR ASSY,KREDIT,CASH,BEBAN,1250000,ADMIN2,PRABU MOTOR
322,K0322,2025-02-04,16:11:02,SHOCK BELAKANG MONROE,KREDIT,CASH,BEBAN,1100000,ADMIN2,PETRA MOTOR
323,K0323,2025-02-04,16:11:26,SEAL SET OCV VALVE,KREDIT,CASH,BEBAN,45000,ADMIN2,ANDI SULISTIANTO
324,K0324,2025-02-04,16:12:08,PERTAMAX 2L,KREDIT,CASH,BEBAN,30000,ADMIN2,SPBU MUNGGU 
325,K0325,2025-02-04,16:13:16,GASKET HEAD COVER - THERMOSTAT,KREDIT,CASH,BEBAN,462700,ADMIN2,SUMBER BARU ANEKA MOTOR
326,K0326,2025-02-04,16:14:22,DISC BRAKE FR,KREDIT,CASH,BEBAN,914900,ADMIN2,SUMBER BARU ANEKA MOTOR
327,K0327,2025-02-05,09:29:11,"PEMBAYARAN PO SPAREPART [PO-00049 ~ PO-00049/SPR/02/2025], Nota: PAYSPR/PO-00049/02/2025/0049",KREDIT,CASH,PEMBAYARAN PO,173500,ADMIN2,PEMBAYARAN PO SPAREPART
328,K0328,2025-02-05,09:37:15,"PEMBAYARAN PO SPAREPART [PO-00050 ~ PO-00050/SPR/02/2025], Nota: PAYSPR/PO-00050/02/2025/0050",KREDIT,CASH,PEMBAYARAN PO,666000,ADMIN2,PEMBAYARAN PO SPAREPART
329,D0329,2025-02-05,16:15:42,"PEMBAYARAN SERVICE (DEBIT CARD) [WO-00213 ~ AB1483IW ~ 2502052190]",DEBET,BANK,-,1239000,ADMIN2,PEMBAYARAN SERVICE (DEBIT)
330,K0330,2025-02-05,16:22:35,IURAN SAMPAH BULANAN,KREDIT,CASH,BEBAN,150000,ADMIN2,PAK JONO
331,K0331,2025-02-05,16:22:56,RESERVOIR ERTIGA,KREDIT,CASH,BEBAN,65000,ADMIN2,PETRA MOTOR
332,K0332,2025-02-05,05:51:01,JASA DESIGN,KREDIT,CASH,BEBAN,61050,ADMIN,INSTAGRAM
333,D0333,2025-02-06,15:23:33,"PEMBAYARAN SERVICE (DEBIT CARD) [WO-00218 ~ AB1124TA ~ 2411281473]",DEBET,BANK,-,487000,ADMIN2,PEMBAYARAN SERVICE (DEBIT)
334,K0334,2025-02-06,16:49:35,AIR MINUM 3 GALON,KREDIT,CASH,BEBAN,36000,ADMIN2,EVITA GALON
335,K0335,2025-02-06,16:49:56,FILTER UDARA BRIO,KREDIT,CASH,BEBAN,234000,ADMIN2,NIA AUTOPARTS
336,K0336,2025-02-06,16:50:29,SABUN COLEK 10 PCS,KREDIT,CASH,BEBAN,20000,ADMIN2,WARUNG MADURA CARSPEED
337,K0337,2025-02-06,05:24:36,BIKIN WEB,KREDIT,CASH,BEBAN,250000,ADMIN,IKLAN ONLINE
338,K0338,2025-02-07,09:42:05,"PEMBAYARAN PO SPAREPART [PO-00051 ~ PO-00051/SPR/02/2025], Nota: PAYSPR/PO-00051/02/2025/0051",KREDIT,CASH,PEMBAYARAN PO,719170,ADMIN2,PEMBAYARAN PO SPAREPART
339,D0339,2025-02-08,16:20:20,"DP SERVICE #WO-00222 (Tgl. 08-02-2025)",DEBET,CASH,-,742000,ADMIN2,DP SERVICE
340,D0340,2025-02-08,16:20:48,"PEMBAYARAN SERVICE (DEBIT CARD) [WO-00222 ~ AG1790OS ~ 2502082196]",DEBET,BANK,-,253000,ADMIN2,PEMBAYARAN SERVICE (DEBIT)
341,K0341,2025-02-08,16:40:27,BEARING HUB-AXLE ETIOS RR,KREDIT,CASH,BEBAN,780000,ADMIN2,PETRA MOTOR
342,K0342,2025-02-08,16:40:55,WHEEL CYLINDER & FILTER LIVINA,KREDIT,CASH,BEBAN,375000,ADMIN2,NIA AUTOPARTS
343,K0343,2025-02-08,16:41:28,SLEP DISC BRAKE,KREDIT,CASH,BEBAN,240000,ADMIN2,UMBORO BENGKEL
344,K0344,2025-02-08,16:41:46,KALIPER KIT LH ,KREDIT,CASH,BEBAN,100000,ADMIN2,ANDI SULISTIANTO
345,K0345,2025-02-08,16:42:04,PISTON KALIPER FR,KREDIT,CASH,BEBAN,125000,ADMIN2,KONDANG JAYA MOBIL
346,D0346,2025-02-09,16:11:34,"PEMBAYARAN INVOICE SERVICE (CASH) [WO-00016~INV-SRV/241214/000001~PAY/INV-SRV/241214/000001/WO-00016/250209/00001]",DEBET,CASH,-,155000,ADMIN,PEMBAYARAN INVOICE SERVICE
347,D0347,2025-02-10,17:17:46,"PEMBAYARAN SERVICE (DEBIT CARD) [WO-00224 ~ AB1472ZQ ~ 2411280737]",DEBET,BANK,-,441000,ADMIN2,PEMBAYARAN SERVICE (DEBIT)
348,D0348,2025-02-10,17:19:55,"PEMBAYARAN SERVICE (DEBIT CARD) [WO-00226 ~ AB1720IR ~ 2502102199]",DEBET,BANK,-,599000,ADMIN2,PEMBAYARAN SERVICE (DEBIT)
349,K0349,2025-02-10,17:41:58,SENAI M14X1.5 SKC,KREDIT,CASH,BEBAN,100500,ADMIN2,PASTECH
350,K0350,2025-02-10,17:42:41,SERVICE RADIATOR ,KREDIT,CASH,BEBAN,175000,ADMIN2,SABAR RADIATOR
351,K0351,2025-02-10,17:43:05,LAS BAJA & TAP,KREDIT,CASH,BEBAN,60000,ADMIN2,UMBORO BENGKEL
352,K0352,2025-02-10,17:43:57,FILTER SOLAR & CV JOINT,KREDIT,CASH,BEBAN,160000,ADMIN2,PRABU MOTOR
353,K0353,2025-02-10,17:44:19,WHEEL CYLINDER PANTHER,KREDIT,CASH,BEBAN,300000,ADMIN2,PRABU MOTOR
354,K0354,2025-02-10,18:24:07,IURAN KEGIATAN RAMADHAN MASJID AL-FALAAH GUNUNGKETUR,KREDIT,CASH,BEBAN,300000,ADMIN2,MASJID AL-FALAAH
355,D0355,2025-02-11,10:03:17,"DP SERVICE #WO-00225 (Tgl. 11-02-2025)",DEBET,CASH,-,2000000,ADMIN2,DP SERVICE
356,D0356,2025-02-11,10:03:42,"TRANSFER PEMBAYARAN SERVICE [WO-00225 ~ AB1364PH ~ 2411280979]",DEBET,BANK,-,270000,ADMIN2,TRANSFER PEMBAYARAN SERVICE
357,D0357,2025-02-11,10:07:07,"PEMBAYARAN SERVICE (DEBIT CARD) [WO-00228 ~ AB8362LH ~ 2502112200]",DEBET,BANK,-,503000,ADMIN2,PEMBAYARAN SERVICE (DEBIT)
358,K0358,2025-02-11,16:13:25,FEE DRIVER PANTHER,KREDIT,CASH,BEBAN,100000,ADMIN2,FEE DRIVER
359,K0359,2025-02-11,16:18:30,TBA BIRU 10 PCS,KREDIT,CASH,BEBAN,50000,ADMIN2,EKA JAYA
360,K0360,2025-02-11,16:33:10,KERTAS A4 75 GRAM PAPER ONE,KREDIT,CASH,BEBAN,40300,ADMIN2,SRI RAJA MASTER
361,K0361,2025-02-12,14:52:10,"PEMBAYARAN PO SPAREPART [PO-00052 ~ PO-00052/SPR/02/2025], Nota: PAYSPR/PO-00052/02/2025/0052",KREDIT,CASH,PEMBAYARAN PO,3091228,ADMIN2,PEMBAYARAN PO SPAREPART
362,K0362,2025-02-12,16:51:21,SUPPORT SHOCK FR MOBILIO,KREDIT,CASH,BEBAN,420000,ADMIN2,NIA AUTOPARTS
363,K0363,2025-02-12,16:52:27,KOIL CADIC KD-9127 ALTIS 1.8,KREDIT,CASH,BEBAN,500000,ADMIN2,PRABU MOTOR
364,K0364,2025-02-13,09:10:01,KOMPLAIN AVANZA AB 1594 PJ,KREDIT,CASH,BEBAN,450000,ADMIN2,KERUGIAN
365,D0365,2025-02-13,15:51:11,"TRANSFER PEMBAYARAN SERVICE [WO-00233 ~ H1544KM ~ 2502132203]",DEBET,BANK,-,725000,ADMIN2,TRANSFER PEMBAYARAN SERVICE
366,D0366,2025-02-13,15:51:49,"PEMBAYARAN SERVICE (DEBIT CARD) [WO-00234 ~ AB1846I ~ 2502132204]",DEBET,BANK,-,778000,ADMIN2,PEMBAYARAN SERVICE (DEBIT)
367,K0367,2025-02-13,16:00:38,EVITA - 2 GALON MINERAL,KREDIT,CASH,BEBAN,24000,ADMIN2,EVITA GALON
368,K0368,2025-02-13,16:01:03,BRAKESHOE BENDIX MOBILIO,KREDIT,CASH,BEBAN,385000,ADMIN2,PRABU MOTOR
369,D0369,2025-02-14,16:06:07,"TRANSFER PEMBAYARAN SERVICE [WO-00236 ~ AB1255EF ~ 2502142206]",DEBET,BANK,-,1271000,ADMIN2,TRANSFER PEMBAYARAN SERVICE
370,D0370,2025-02-14,16:06:43,"TRANSFER PEMBAYARAN SERVICE [WO-00237 ~ B1794BIM ~ 2502142207]",DEBET,BANK,-,50000,ADMIN2,TRANSFER PEMBAYARAN SERVICE
371,K0371,2025-02-14,19:16:41,LISTRIK FEB 25,KREDIT,CASH,BEBAN,1427665,ADMIN,REKENING LISTRIK
372,K0372,2025-02-14,19:17:57,KALENDER,KREDIT,CASH,BEBAN,68000,ADMIN,PIC STORY
373,K0373,2025-02-14,19:18:36,IKLAN,KREDIT,CASH,BEBAN,200000,ADMIN,INSTAGRAM
374,K0374,2025-02-14,19:30:57,GEMBOK,KREDIT,CASH,BEBAN,90000,ADMIN,EKA JAYA
375,K0375,2025-02-14,19:31:31,FILTER OIL,KREDIT,CASH,BEBAN,65000,ADMIN,PRABU 
376,D0376,2025-02-15,11:15:54,"TRANSFER PEMBAYARAN SERVICE [WO-00235 ~ B2428RFP ~ 2502132205]",DEBET,BANK,-,140000,ADMIN2,TRANSFER PEMBAYARAN SERVICE
377,D0377,2025-02-15,16:01:13,"TRANSFER PEMBAYARAN SERVICE [WO-00239 ~ H8727LA ~ 2411280829]",DEBET,BANK,-,1660000,ADMIN2,TRANSFER PEMBAYARAN SERVICE
378,K0378,2025-02-15,16:03:36,CUL STROOM ,KREDIT,CASH,BEBAN,30000,ADMIN2,PRABU MOTOR
379,K0379,2025-02-15,16:04:26,DIODA, IC REGULATOR, COOL BRUSH,KREDIT,CASH,BEBAN,775000,ADMIN2,BB TECH
380,K0380,2025-02-15,16:04:45,SUB - SERVICE DINAMO,KREDIT,CASH,BEBAN,100000,ADMIN2,BB TECH
381,D0381,2025-02-17,16:43:36,"TRANSFER PEMBAYARAN SERVICE [WO-00241 ~ AB1396ZR ~ 2502172209]",DEBET,BANK,-,1138000,ADMIN2,TRANSFER PEMBAYARAN SERVICE
382,D0382,2025-02-17,16:44:07,"PEMBAYARAN SERVICE (DEBIT CARD) [WO-00243 ~ H1737YS ~ 2502172211]",DEBET,BANK,-,2181000,ADMIN2,PEMBAYARAN SERVICE (DEBIT)
383,K0383,2025-02-17,16:44:51,MASTER KOPLING BAWAH & FILTER UDARA,KREDIT,CASH,BEBAN,430000,ADMIN2,NIA AUTOPARTS
384,K0384,2025-02-17,16:45:41,AMPLAS - KLAIM BAGAS,KREDIT,CASH,BEBAN,33000,ADMIN2,EKA JAYA
385,D0385,2025-02-18,16:11:00,"PEMBAYARAN INVOICE SERVICE (CASH) [WO-00246~INV-SRV/250218/000004~PAY/INV-SRV/250218/000004/WO-00246/250218/00002]",DEBET,CASH,-,10000,ADMIN,PEMBAYARAN INVOICE SERVICE
386,D0386,2025-02-18,16:17:01,"PEMBAYARAN INVOICE SERVICE (CASH) [WO-00079~INV-SRV/250101/000002~PAY/INV-SRV/250101/000002/WO-00079/250218/00003]",DEBET,CASH,-,265000,ADMIN,PEMBAYARAN INVOICE SERVICE
387,D0387,2025-02-18,16:17:43,"PEMBAYARAN INVOICE SERVICE (CASH) [WO-00246~INV-SRV/250218/000003~PAY/INV-SRV/250218/000003/WO-00246/250218/00004]",DEBET,CASH,-,50000,ADMIN,PEMBAYARAN INVOICE SERVICE
388,D0388,2025-02-18,16:36:34,"PEMBAYARAN SERVICE (DEBIT CARD) [WO-00244 ~ AB1636GT ~ 2411280159]",DEBET,BANK,-,1331000,ADMIN2,PEMBAYARAN SERVICE (DEBIT)
389,K0389,2025-02-18,16:44:14,CYLINDER ASSY BRAKE ,KREDIT,CASH,BEBAN,575000,ADMIN2,PETRA MOTOR
390,K0390,2025-02-18,16:45:12,FAN BELT ,KREDIT,CASH,BEBAN,111000,ADMIN2,HONDA ANUGERAH 
391,K0391,2025-02-19,10:04:35,"PEMBAYARAN PO SPAREPART [PO-00053 ~ PO-00053/SPR/02/2025], Nota: PAYSPR/PO-00053/02/2025/0053",KREDIT,CASH,PEMBAYARAN PO,468000,ADMIN2,PEMBAYARAN PO SPAREPART
392,K0392,2025-02-19,13:32:34,"PEMBAYARAN PO SPAREPART [PO-00054 ~ PO-00054/SPR/02/2025], Nota: PAYSPR/PO-00054/02/2025/0054",KREDIT,CASH,PEMBAYARAN PO,1458240,ADMIN2,PEMBAYARAN PO SPAREPART
393,K0393,2025-02-19,16:17:56,"PEMBAYARAN PO SPAREPART [PO-00055 ~ PO-00055/SPR/02/2025], Nota: PAYSPR/PO-00055/02/2025/0055",KREDIT,CASH,PEMBAYARAN PO,1455000,ADMIN2,PEMBAYARAN PO SPAREPART
394,D0394,2025-02-19,16:22:42,"PEMBAYARAN SERVICE (DEBIT CARD) [WO-00246 ~ AB1382GF ~ 2411280450]",DEBET,BANK,-,1576000,ADMIN2,PEMBAYARAN SERVICE (DEBIT)
395,D0395,2025-02-19,16:23:52,"DP SERVICE #WO-00247 (Tgl. 19-02-2025)",DEBET,CASH,-,185000,ADMIN2,DP SERVICE
396,K0396,2025-02-19,16:26:16,FILTER AC - XPANDER,KREDIT,CASH,BEBAN,65000,ADMIN2,PRABU MOTOR
397,D0397,2025-02-20,08:50:03,"TRANSFER PEMBAYARAN SERVICE [WO-00248 ~ AB1912SA ~ 2501102122]",DEBET,BANK,-,932000,ADMIN2,TRANSFER PEMBAYARAN SERVICE
398,D0398,2025-02-20,16:38:57,"PEMBAYARAN SERVICE (DEBIT CARD) [WO-00251 ~ F1434GV ~ 2502202214]",DEBET,BANK,-,688000,ADMIN2,PEMBAYARAN SERVICE (DEBIT)
399,K0399,2025-02-20,16:40:04,AIR MINUM 1 GALON,KREDIT,CASH,BEBAN,12000,ADMIN2,EVITA 
400,K0400,2025-02-22,14:36:00,CASTROL MAGNATEC 10W40,KREDIT,CASH,BEBAN,365000,ADMIN2,PRABU OLIE
401,D0401,2025-02-22,16:56:53,"DP SERVICE #WO-00255 (Tgl. 22-02-2025)",DEBET,CASH,-,40000,ADMIN2,DP SERVICE
402,K0402,2025-02-22,17:33:35,SEAL AS RODA, KLEM & SELANG BYPASS,KREDIT,CASH,BEBAN,82000,ADMIN2,PETRA MOTOR
403,K0403,2025-02-22,17:34:22,KLEM SELANG 13/4 INCH,KREDIT,CASH,BEBAN,4000,ADMIN2,SARINAH MOTOR
404,K0404,2025-02-22,17:34:52,BOOT AS RODA & KLEM ,KREDIT,CASH,BEBAN,435000,ADMIN2,NIA AUTOPARTS
405,K0405,2025-02-22,17:35:15,ENGINE MOUNTING FRONT,KREDIT,CASH,BEBAN,460000,ADMIN2,PRABU MOTOR
406,K0406,2025-02-22,17:35:52,SEAL AS RODA BESAR,KREDIT,CASH,BEBAN,65000,ADMIN2,SARINAH MOTOR
407,K0407,2025-02-22,18:51:08,BPJS KESEHATAN KARYAWAN,KREDIT,CASH,BEBAN,438245,ADMIN,BPJS
408,K0408,2025-02-24,15:29:12,HOUSING THERMOSTAT MAESTRO,KREDIT,CASH,BEBAN,525000,ADMIN2,SARINAH MOTOR
409,K0409,2025-02-24,15:29:59,WHEEL CYLINDER RH & BOOT,KREDIT,CASH,BEBAN,235000,ADMIN2,NIA AUTOPARTS
410,K0410,2025-02-24,16:11:15,"PEMBAYARAN PO SPAREPART [PO-00056 ~ PO-00056/SPR/02/2025], Nota: PAYSPR/PO-00056/02/2025/0056",KREDIT,CASH,PEMBAYARAN PO,6464000,ADMIN2,PEMBAYARAN PO SPAREPART
411,K0411,2025-02-25,16:20:43,HELLA H7 12V 55W,KREDIT,CASH,BEBAN,130000,ADMIN2,PRABU MOTOR
412,K0412,2025-02-25,17:14:33,DRAT BAUT & 3 BAUT,KREDIT,CASH,BEBAN,215000,ADMIN2,BENGKEL ABADI
413,K0413,2025-02-25,17:28:41,KABEL DUCK 16X6,KREDIT,CASH,BEBAN,10000,ADMIN2,PURNAMA JATI
414,K0414,2025-02-25,17:29:45,PERTALITE 2L - ANDI,KREDIT,CASH,BEBAN,20000,ADMIN2,SPBU 44.551.17 SUGIYONO
415,D0415,2025-02-26,16:44:29,"TRANSFER PEMBAYARAN SERVICE [WO-00264 ~ K1345ZL ~ 2502262225]",DEBET,BANK,-,593000,ADMIN2,TRANSFER PEMBAYARAN SERVICE
416,D0416,2025-02-26,17:06:14,"PEMBAYARAN SERVICE (DEBIT CARD) [WO-00262 ~ AB1696IR ~ 2502262223]",DEBET,BANK,-,800000,ADMIN2,PEMBAYARAN SERVICE (DEBIT)
417,K0417,2025-02-26,17:10:02,SEAL ORING 4X31 ,KREDIT,CASH,BEBAN,5000,ADMIN2,CENTRAL BEARING
418,K0418,2025-02-27,16:43:58,BENSIN PERTAMAX ,KREDIT,CASH,BEBAN,30000,ADMIN2,WARUNG MADURA CARSPEED
419,K0419,2025-02-27,16:44:26,SELANG LOW PRESSURE,KREDIT,CASH,BEBAN,850000,ADMIN2,ANDUK AC
420,K0420,2025-02-27,16:44:50,AIR MINUM 1 GALON,KREDIT,CASH,BEBAN,12000,ADMIN2,EVITA 
421,K0421,2025-02-27,16:45:27,ACCU GSMF NS60 ,KREDIT,CASH,BEBAN,885000,ADMIN2,AGUNG MOTOR
422,K0422,2025-02-27,16:45:48,PLASTIK STEEL DEXTRON,KREDIT,CASH,BEBAN,21000,ADMIN2,EKA JAYA
423,K0423,2025-02-27,16:46:10,DRAT BAUT COMPRESSOR,KREDIT,CASH,BEBAN,150000,ADMIN2,BENGKEL ABADI
424,K0424,2025-02-27,16:46:31,PLUG CYLINDER 20MM,KREDIT,CASH,BEBAN,5000,ADMIN2,PRABU MOTOR
425,K0425,2025-02-27,16:46:48,PACKING TBA 0.8 MM,KREDIT,CASH,BEBAN,35000,ADMIN2,PRABU MOTOR
426,D0426,2025-02-27,16:47:50,"DP SERVICE #WO-00266 (Tgl. 27-02-2025)",DEBET,CASH,-,36000,ADMIN2,DP SERVICE
427,D0427,2025-02-27,16:48:22,"TRANSFER PEMBAYARAN SERVICE [WO-00267 ~ AD1177IQ ~ 2501142136]",DEBET,BANK,-,1250000,ADMIN2,TRANSFER PEMBAYARAN SERVICE
428,D0428,2025-02-27,16:48:38,"TRANSFER PEMBAYARAN SERVICE [WO-00268 ~ H1663SS ~ 2501222158]",DEBET,BANK,-,60000,ADMIN2,TRANSFER PEMBAYARAN SERVICE
429,D0429,2025-02-28,18:05:11,"DP SERVICE #WO-00273 (Tgl. 28-02-2025)",DEBET,CASH,-,573000,ADMIN2,DP SERVICE
430,K0430,2025-02-28,18:08:59,RADIATOR ASSY,KREDIT,CASH,BEBAN,825000,ADMIN2,PETRA MOTOR
431,K0431,2025-02-28,18:10:34,LAMPU H7 & H1,KREDIT,CASH,BEBAN,272000,ADMIN2,SURYA MOTOR
432,K0432,2025-02-28,18:10:58,MOTOR WASHER,KREDIT,CASH,BEBAN,85000,ADMIN2,PRABU MOTOR
433,K0433,2025-02-28,18:11:45,PLASTIK BESAR & TANGGUNG ,KREDIT,CASH,BEBAN,68000,ADMIN2,YOBEL PLASTIK
434,K0434,2025-02-28,20:49:58,GAJI KRYWN (Bln. 02/2025 - ANDI),KREDIT,CASH,BEBAN,2973797,ADMIN,GAJI_KRYWN
435,K0435,2025-02-28,20:57:57,GAJI KRYWN (Bln. 02/2025 - DAVA),KREDIT,CASH,BEBAN,3809694,ADMIN,GAJI_KRYWN
436,K0436,2025-02-28,20:59:13,GAJI KRYWN (Bln. 02/2025 - EGA),KREDIT,CASH,BEBAN,2824849,ADMIN,GAJI_KRYWN
437,K0437,2025-02-28,21:00:16,GAJI KRYWN (Bln. 02/2025 - BAGAS WICAKSONO),KREDIT,CASH,BEBAN,2638450,ADMIN,GAJI_KRYWN
438,K0438,2025-02-28,21:02:48,LOGO DESIGN FACEBOOK,KREDIT,CASH,BEBAN,418000,ADMIN,INSTAGRAM
439,K0439,2025-02-28,21:04:36,DISKON WIPER FLUID 11 BOTOL,KREDIT,CASH,BEBAN,110000,ADMIN,DISKON
440,D0440,2025-03-01,16:34:58,"DP SERVICE #WO-00275 (Tgl. 01-03-2025)",DEBET,CASH,-,94000,ADMIN2,DP SERVICE
441,D0441,2025-03-01,16:36:10,"PEMBAYARAN SERVICE (DEBIT CARD) [WO-00275 ~ AA1958B ~ 2503012230]",DEBET,BANK,-,592000,ADMIN2,PEMBAYARAN SERVICE (DEBIT)
442,D0442,2025-03-01,16:36:52,"PEMBAYARAN SERVICE (DEBIT CARD) [WO-00276 ~ AB1351FH ~ 2503012231]",DEBET,BANK,-,1548000,ADMIN2,PEMBAYARAN SERVICE (DEBIT)
443,K0443,2025-03-01,16:46:05,TAMBAL RADIATOR BOCOR,KREDIT,CASH,BEBAN,50000,ADMIN2,SABAR RADIATOR
444,K0444,2025-03-01,16:53:30,MASTER KOPLING BAWAH & ENGINE MOUNTING,KREDIT,CASH,BEBAN,450000,ADMIN2,PETRA MOTOR
445,K0445,2025-03-01,15:44:20,THR FEBRUARI,KREDIT,CASH,BEBAN,926000,ADMIN,THR
446,D0446,2025-03-03,08:35:40,"TRANSFER PEMBAYARAN SERVICE [WO-00253 ~ AB1607JP ~ 2411281930]",DEBET,BANK,-,4417000,ADMIN2,TRANSFER PEMBAYARAN SERVICE
447,D0447,2025-03-03,16:41:34,"PEMBAYARAN SERVICE (DEBIT CARD) [WO-00279 ~ DK1179FX ~ 2503032232]",DEBET,BANK,-,360000,ADMIN2,PEMBAYARAN SERVICE (DEBIT)
448,K0448,2025-03-03,16:43:17,SUPER PELL, MAMA LEMON, CLING,KREDIT,CASH,BEBAN,120000,ADMIN2,MK7 MANNA KAMPUS
449,K0449,2025-03-03,16:43:51,KOIL JAZZ GD3 KD-7011,KREDIT,CASH,BEBAN,1800000,ADMIN2,PRABU MOTOR
450,K0450,2025-03-03,16:44:17,SERVICE AC - MOBILIO - TRANSFER,KREDIT,CASH,BEBAN,1700000,ADMIN2,ANDUK AC
451,K0451,2025-03-03,16:44:43,SERVICE AC - JAZZ GD3 - TRANSFER,KREDIT,CASH,BEBAN,2125000,ADMIN2,ANDUK AC
452,D0452,2025-03-04,15:27:31,"TRANSFER PEMBAYARAN SERVICE [WO-00280 ~ B2144TKK ~ 2503032233]",DEBET,BANK,-,2200000,ADMIN2,TRANSFER PEMBAYARAN SERVICE
453,D0453,2025-03-04,16:36:56,"PEMBAYARAN SERVICE (DEBIT CARD) [WO-00284 ~ AB1436IL ~ 2411281140]",DEBET,BANK,-,305000,ADMIN2,PEMBAYARAN SERVICE (DEBIT)
454,K0454,2025-03-04,18:13:07,WHEEL CYLINDER AVANZA,KREDIT,CASH,BEBAN,790000,ADMIN2,NIA AUTOPARTS
455,K0455,2025-03-05,13:13:37,"PEMBAYARAN PO SPAREPART [PO-00057 ~ PO-00057/SPR/03/2025], Nota: PAYSPR/PO-00057/03/2025/0057",KREDIT,CASH,PEMBAYARAN PO,272800,ADMIN2,PEMBAYARAN PO SPAREPART
456,K0456,2025-03-05,15:16:06,COIL ASSY GRANMAX - 638.880,KREDIT,CASH,BEBAN,639000,ADMIN2,TAMA MOTOR
457,K0457,2025-03-05,15:17:19,WD-40,KREDIT,CASH,BEBAN,60000,ADMIN2,PETRA MOTOR
458,K0458,2025-03-05,15:17:48,MASTER CYLINDER 47201-BZ010 SANYCO,KREDIT,CASH,BEBAN,575000,ADMIN2,PETRA MOTOR
459,D0459,2025-03-05,15:49:47,"PEMBAYARAN SERVICE (DEBIT CARD) [WO-00287 ~ B1727UKL ~ 2411280739]",DEBET,BANK,-,688000,ADMIN2,PEMBAYARAN SERVICE (DEBIT)
460,K0460,2025-03-06,08:31:41,"PEMBAYARAN PO SPAREPART [PO-00058 ~ PO-00058/SPR/03/2025], Nota: PAYSPR/PO-00058/03/2025/0058",KREDIT,CASH,PEMBAYARAN PO,300000,ADMIN2,PEMBAYARAN PO SPAREPART
461,D0461,2025-03-06,16:00:41,"PEMBAYARAN SERVICE (DEBIT CARD) [WO-00291 ~ AB1865OG ~ 2411280436]",DEBET,BANK,-,934000,ADMIN2,PEMBAYARAN SERVICE (DEBIT)
462,K0462,2025-03-06,16:20:33,PIPA BYPASS MAESTRO,KREDIT,CASH,BEBAN,190000,ADMIN2,RATU MOTOR
463,K0463,2025-03-06,16:21:13,PERTAMAX 2.3L,KREDIT,CASH,BEBAN,30000,ADMIN2,SPBU SULTAN AGUNG
464,K0464,2025-03-06,16:40:09,IURAN SAMPAH BULANAN,KREDIT,CASH,BEBAN,150000,ADMIN2,PAK JONO
465,K0465,2025-03-07,16:43:05,HOSE RADIATOR & GASKET WATER OUTLET,KREDIT,CASH,BEBAN,85000,ADMIN2,TAMA MOTOR
466,K0466,2025-03-07,16:44:02,BEARING RODA RR & WHEEL CYLINDER,KREDIT,CASH,BEBAN,610000,ADMIN2,PETRA MOTOR
467,D0467,2025-03-08,16:34:50,"PEMBAYARAN SERVICE (DEBIT CARD) [WO-00295 ~ AB1343IL ~ 2411280026]",DEBET,BANK,-,1157000,ADMIN2,PEMBAYARAN SERVICE (DEBIT)
468,D0468,2025-03-08,18:04:20,"PEMBAYARAN SERVICE (DEBIT CARD) [WO-00297 ~ AD9265OH ~ 2411281049]",DEBET,BANK,-,1078000,ADMIN2,PEMBAYARAN SERVICE (DEBIT)
469,K0469,2025-03-08,18:15:42,BRAKEPAD MIRAGE,KREDIT,CASH,BEBAN,515000,ADMIN2,PRABU MOTOR
470,K0470,2025-03-08,18:15:58,CVTF IDEMITSU,KREDIT,CASH,BEBAN,420000,ADMIN2,PETRA MOTOR
471,K0471,2025-03-09,06:15:29,LISTRIK MARET 25,KREDIT,CASH,BEBAN,1403473,ADMIN,REKENING LISTRIK
472,K0472,2025-03-09,06:16:10,DESIGN FEED,KREDIT,CASH,BEBAN,70000,ADMIN,INSTAGRAM
473,K0473,2025-03-09,06:17:14,BELI WHATSAPP BLAST 1BLN,KREDIT,CASH,BEBAN,300000,ADMIN,SOFTWARE
474,K0474,2025-03-09,20:35:02,"PEMBAYARAN PO SPAREPART [PO-00059 ~ PO-00059/SPR/03/2025], Nota: PAYSPR/PO-00059/03/2025/0059",KREDIT,CASH,PEMBAYARAN PO,720000,ADMIN,PEMBAYARAN PO SPAREPART
475,K0475,2025-03-10,08:28:46,"PEMBAYARAN PO SPAREPART [PO-00060 ~ PO-00060/SPR/03/2025], Nota: PAYSPR/PO-00060/03/2025/0060",KREDIT,CASH,PEMBAYARAN PO,420000,ADMIN2,PEMBAYARAN PO SPAREPART
476,D0476,2025-03-10,19:06:34,"DP SERVICE #WO-00303 (Tgl. 10-03-2025)",DEBET,CASH,-,120000,ADMIN2,DP SERVICE
477,K0477,2025-03-10,19:08:05,BEARING RODA CALYA,KREDIT,CASH,BEBAN,900000,ADMIN2,LAKSA BARU
478,K0478,2025-03-11,09:50:49,"PEMBAYARAN PO SPAREPART [PO-00061 ~ PO-00061/SPR/03/2025], Nota: PAYSPR/PO-00061/03/2025/0061",KREDIT,CASH,PEMBAYARAN PO,405000,ADMIN2,PEMBAYARAN PO SPAREPART
479,D0479,2025-03-11,16:23:22,"DP SERVICE #WO-00305 (Tgl. 11-03-2025)",DEBET,CASH,-,60000,ADMIN2,DP SERVICE
480,D0480,2025-03-11,16:25:17,"PEMBAYARAN SERVICE (DEBIT CARD) [WO-00306 ~ AD1782TS ~ 2503112245]",DEBET,BANK,-,1037000,ADMIN2,PEMBAYARAN SERVICE (DEBIT)
481,K0481,2025-03-11,17:34:38,SERVICE AC - INNOVA,KREDIT,CASH,BEBAN,2100000,ADMIN2,ANDUK AC
482,K0482,2025-03-11,17:35:01,RADIATOR ASSY & GREASE ,KREDIT,CASH,BEBAN,845000,ADMIN2,PETRA MOTOR
483,K0483,2025-03-12,10:01:05,"PEMBAYARAN PO SPAREPART [PO-00062 ~ PO-00062/SPR/03/2025], Nota: PAYSPR/PO-00062/03/2025/0062",KREDIT,CASH,PEMBAYARAN PO,18597854,ADMIN2,PEMBAYARAN PO SPAREPART
484,D0484,2025-03-12,16:11:37,"PEMBAYARAN SERVICE (DEBIT CARD) [WO-00308 ~ AB1274IV ~ 2503122247]",DEBET,BANK,-,1037000,ADMIN2,PEMBAYARAN SERVICE (DEBIT)
485,K0485,2025-03-12,16:28:54,THERMOSTAT ASSY,KREDIT,CASH,BEBAN,225000,ADMIN2,ARYA MOTOR
486,K0486,2025-03-13,11:59:44,"PEMBAYARAN PO SPAREPART [PO-00063 ~ PO-00063/SPR/03/2025], Nota: PAYSPR/PO-00063/03/2025/0063",KREDIT,CASH,PEMBAYARAN PO,760320,ADMIN2,PEMBAYARAN PO SPAREPART
487,K0487,2025-03-13,13:18:13,"PEMBAYARAN PO SPAREPART [PO-00064 ~ PO-00064/SPR/03/2025], Nota: PAYSPR/PO-00064/03/2025/0064",KREDIT,CASH,PEMBAYARAN PO,3496000,ADMIN2,PEMBAYARAN PO SPAREPART
488,D0488,2025-03-13,17:04:41,"PEMBAYARAN SERVICE (DEBIT CARD) [WO-00312 ~ AD9265OH ~ 2411281049]",DEBET,BANK,-,665000,ADMIN2,PEMBAYARAN SERVICE (DEBIT)
489,D0489,2025-03-13,17:26:28,"DP SERVICE #WO-00314 (Tgl. 13-03-2025)",DEBET,CASH,-,340000,ADMIN2,DP SERVICE
490,K0490,2025-03-13,17:34:43,FAN BELT & TENSIONER,KREDIT,CASH,BEBAN,2713480,ADMIN2,TAMA MOTOR
491,K0491,2025-03-13,17:35:24,PERTALITE 1L - ANDI,KREDIT,CASH,BEBAN,10000,ADMIN2,SPBU SULTAN AGUNG
492,K0492,2025-03-13,17:35:48,FILTER UDARA & ORING VTEC,KREDIT,CASH,BEBAN,145000,ADMIN2,NIA AUTOPARTS
493,K0493,2025-03-13,17:36:18,SWITCH FAN MAESTRO,KREDIT,CASH,BEBAN,225000,ADMIN2,SARINAH MOTOR
494,K0494,2025-03-13,17:37:38,SEKRING 20A,KREDIT,CASH,BEBAN,7000,ADMIN2,SURYA MOTOR
495,K0495,2025-03-13,17:38:07,KAWAT PUTIH ,KREDIT,CASH,BEBAN,8000,ADMIN2,TB MAKMUR JAYA
496,K0496,2025-03-13,17:38:27,SILICON RTV 5699 GREY LOCTITE,KREDIT,CASH,BEBAN,83000,ADMIN2,PASTECH
497,K0497,2025-03-13,17:38:49,SEKRING 15A,KREDIT,CASH,BEBAN,2000,ADMIN2,PRABU MOTOR
498,K0498,2025-03-13,17:39:42,PERTAMAX 1,93L - EGA,KREDIT,CASH,BEBAN,25000,ADMIN2,SPBU 44.552.15
499,K0499,2025-03-13,17:40:23,GASKET HEAD COVER - SEAL VTEC,KREDIT,CASH,BEBAN,335000,ADMIN2,PETRA MOTOR
500,K0500,2025-03-13,17:41:00,SUNTIKAN 60ML ,KREDIT,CASH,BEBAN,58000,ADMIN2,APOTEK K24 TAMSIS
501,K0501,2025-03-13,17:41:25,CASE THERMOSTAT,KREDIT,CASH,BEBAN,285000,ADMIN2,ARYA MOTOR
502,K0502,2025-03-13,17:41:53,AIR MINUM 2 GALON,KREDIT,CASH,BEBAN,24000,ADMIN2,EVITA 
